Country,Transitional,active-conflict,post-conflict,pre-conflict
Afghanistan,0.0,292.01,160.428,0.0
Ethiopia,0.0,62.55200000000001,42.738,75.132
Iraq,0.0,175.5,273.032,0.0
Libya,0.0,39.341,29.332,15.600000000000001
South Sudan,0.0,9.933,53.394000000000005,0.0
Sudan (The),713.525,0.0,0.0,0.0
Syrian Arab Republic (The),228.493,0.0,0.0,0.0
Ukraine,0.0,48770.376000000004,0.0,1310.7
Yemen,0.0,2236.023,0.0,2.369
